REF_DATE,DGUID,Sector,Characteristics,Indicators,UOM,SCALAR_FACTOR,VALUE,GEO_Alberta,GEO_British Columbia,GEO_Nova Scotia,GEO_Ontario,GEO_Quebec,Education_group
2013,2016A000248,Total non-profit institutions,High school diploma and less,Average annual wages and salaries,Dollars,units,31152.0,True,False,False,False,False,1
2013,2016A000248,Total non-profit institutions,Trade certificate,Average annual wages and salaries,Dollars,units,47791.0,True,False,False,False,False,2
2013,2016A000248,Total non-profit institutions,University degree and higher,Average annual wages and salaries,Dollars,units,59277.0,True,False,False,False,False,3
2013,2016A000248,Total non-profit institutions excluding governments,High school diploma and less,Average annual wages and salaries,Dollars,units,29598.0,True,False,False,False,False,1
2013,2016A000248,Total non-profit institutions excluding governments,Trade certificate,Average annual wages and salaries,Dollars,units,51254.0,True,False,False,False,False,2
2013,2016A000248,Total non-profit institutions excluding governments,University degree and higher,Average annual wages and salaries,Dollars,units,48775.0,True,False,False,False,False,3
2013,2016A000248,Non-profit institutions serving households (community organizations),High school diploma and less,Average annual wages and salaries,Dollars,units,25720.0,True,False,False,False,False,1
2013,2016A000248,Non-profit institutions serving households (community organizations),Trade certificate,Average annual wages and salaries,Dollars,units,44388.0,True,False,False,False,False,2
2013,2016A000248,Non-profit institutions serving households (community organizations),University degree and higher,Average annual wages and salaries,Dollars,units,44907.0,True,False,False,False,False,3
2013,2016A000248,Business non-profit institutions,High school diploma and less,Average annual wages and salaries,Dollars,units,37921.0,True,False,False,False,False,1
2013,2016A000248,Business non-profit institutions,Trade certificate,Average annual wages and salaries,Dollars,units,65368.0,True,False,False,False,False,2
2013,2016A000248,Business non-profit institutions,University degree and higher,Average annual wages and salaries,Dollars,units,63156.0,True,False,False,False,False,3
2013,2016A000248,Government non-profit institutions,High school diploma and less,Average annual wages and salaries,Dollars,units,32288.0,True,False,False,False,False,1
2013,2016A000248,Government non-profit institutions,Trade certificate,Average annual wages and salaries,Dollars,units,46021.0,True,False,False,False,False,2
2013,2016A000248,Government non-profit institutions,University degree and higher,Average annual wages and salaries,Dollars,units,62857.0,True,False,False,False,False,3
2014,2016A000248,Total non-profit institutions,High school diploma and less,Average annual wages and salaries,Dollars,units,31582.0,True,False,False,False,False,1
2014,2016A000248,Total non-profit institutions,Trade certificate,Average annual wages and salaries,Dollars,units,49039.0,True,False,False,False,False,2
2014,2016A000248,Total non-profit institutions,University degree and higher,Average annual wages and salaries,Dollars,units,59942.0,True,False,False,False,False,3
2014,2016A000248,Total non-profit institutions excluding governments,High school diploma and less,Average annual wages and salaries,Dollars,units,30560.0,True,False,False,False,False,1
2014,2016A000248,Total non-profit institutions excluding governments,Trade certificate,Average annual wages and salaries,Dollars,units,53343.0,True,False,False,False,False,2
2014,2016A000248,Total non-profit institutions excluding governments,University degree and higher,Average annual wages and salaries,Dollars,units,50410.0,True,False,False,False,False,3
2014,2016A000248,Non-profit institutions serving households (community organizations),High school diploma and less,Average annual wages and salaries,Dollars,units,26476.0,True,False,False,False,False,1
2014,2016A000248,Non-profit institutions serving households (community organizations),Trade certificate,Average annual wages and salaries,Dollars,units,45752.0,True,False,False,False,False,2
2014,2016A000248,Non-profit institutions serving households (community organizations),University degree and higher,Average annual wages and salaries,Dollars,units,46353.0,True,False,False,False,False,3
2014,2016A000248,Business non-profit institutions,High school diploma and less,Average annual wages and salaries,Dollars,units,39647.0,True,False,False,False,False,1
2014,2016A000248,Business non-profit institutions,Trade certificate,Average annual wages and salaries,Dollars,units,69402.0,True,False,False,False,False,2
2014,2016A000248,Business non-profit institutions,University degree and higher,Average annual wages and salaries,Dollars,units,65651.0,True,False,False,False,False,3
2014,2016A000248,Government non-profit institutions,High school diploma and less,Average annual wages and salaries,Dollars,units,32330.0,True,False,False,False,False,1
2014,2016A000248,Government non-profit institutions,Trade certificate,Average annual wages and salaries,Dollars,units,46710.0,True,False,False,False,False,2
2014,2016A000248,Government non-profit institutions,University degree and higher,Average annual wages and salaries,Dollars,units,63208.0,True,False,False,False,False,3
2015,2016A000248,Total non-profit institutions,High school diploma and less,Average annual wages and salaries,Dollars,units,32147.0,True,False,False,False,False,1
2015,2016A000248,Total non-profit institutions,Trade certificate,Average annual wages and salaries,Dollars,units,50202.0,True,False,False,False,False,2
2015,2016A000248,Total non-profit institutions,University degree and higher,Average annual wages and salaries,Dollars,units,61294.0,True,False,False,False,False,3
2015,2016A000248,Total non-profit institutions excluding governments,High school diploma and less,Average annual wages and salaries,Dollars,units,30737.0,True,False,False,False,False,1
2015,2016A000248,Total non-profit institutions excluding governments,Trade certificate,Average annual wages and salaries,Dollars,units,53793.0,True,False,False,False,False,2
2015,2016A000248,Total non-profit institutions excluding governments,University degree and higher,Average annual wages and salaries,Dollars,units,51105.0,True,False,False,False,False,3
2015,2016A000248,Non-profit institutions serving households (community organizations),High school diploma and less,Average annual wages and salaries,Dollars,units,26903.0,True,False,False,False,False,1
2015,2016A000248,Non-profit institutions serving households (community organizations),Trade certificate,Average annual wages and salaries,Dollars,units,46662.0,True,False,False,False,False,2
2015,2016A000248,Non-profit institutions serving households (community organizations),University degree and higher,Average annual wages and salaries,Dollars,units,47307.0,True,False,False,False,False,3
2015,2016A000248,Business non-profit institutions,High school diploma and less,Average annual wages and salaries,Dollars,units,39033.0,True,False,False,False,False,1
2015,2016A000248,Business non-profit institutions,Trade certificate,Average annual wages and salaries,Dollars,units,68801.0,True,False,False,False,False,2
2015,2016A000248,Business non-profit institutions,University degree and higher,Average annual wages and salaries,Dollars,units,65563.0,True,False,False,False,False,3
2015,2016A000248,Government non-profit institutions,High school diploma and less,Average annual wages and salaries,Dollars,units,33196.0,True,False,False,False,False,1
2015,2016A000248,Government non-profit institutions,Trade certificate,Average annual wages and salaries,Dollars,units,48201.0,True,False,False,False,False,2
2015,2016A000248,Government non-profit institutions,University degree and higher,Average annual wages and salaries,Dollars,units,64781.0,True,False,False,False,False,3
2016,2016A000248,Total non-profit institutions,High school diploma and less,Average annual wages and salaries,Dollars,units,31763.0,True,False,False,False,False,1
2016,2016A000248,Total non-profit institutions,Trade certificate,Average annual wages and salaries,Dollars,units,49046.0,True,False,False,False,False,2
2016,2016A000248,Total non-profit institutions,University degree and higher,Average annual wages and salaries,Dollars,units,61126.0,True,False,False,False,False,3
2016,2016A000248,Total non-profit institutions excluding governments,High school diploma and less,Average annual wages and salaries,Dollars,units,29643.0,True,False,False,False,False,1
2016,2016A000248,Total non-profit institutions excluding governments,Trade certificate,Average annual wages and salaries,Dollars,units,50572.0,True,False,False,False,False,2
2016,2016A000248,Total non-profit institutions excluding governments,University degree and higher,Average annual wages and salaries,Dollars,units,51084.0,True,False,False,False,False,3
2016,2016A000248,Non-profit institutions serving households (community organizations),High school diploma and less,Average annual wages and salaries,Dollars,units,26832.0,True,False,False,False,False,1
2016,2016A000248,Non-profit institutions serving households (community organizations),Trade certificate,Average annual wages and salaries,Dollars,units,44972.0,True,False,False,False,False,2
2016,2016A000248,Non-profit institutions serving households (community organizations),University degree and higher,Average annual wages and salaries,Dollars,units,47866.0,True,False,False,False,False,3
2016,2016A000248,Business non-profit institutions,High school diploma and less,Average annual wages and salaries,Dollars,units,35866.0,True,False,False,False,False,1
2016,2016A000248,Business non-profit institutions,Trade certificate,Average annual wages and salaries,Dollars,units,62484.0,True,False,False,False,False,2
2016,2016A000248,Business non-profit institutions,University degree and higher,Average annual wages and salaries,Dollars,units,62577.0,True,False,False,False,False,3
2016,2016A000248,Government non-profit institutions,High school diploma and less,Average annual wages and salaries,Dollars,units,33371.0,True,False,False,False,False,1
2016,2016A000248,Government non-profit institutions,Trade certificate,Average annual wages and salaries,Dollars,units,48240.0,True,False,False,False,False,2
2016,2016A000248,Government non-profit institutions,University degree and higher,Average annual wages and salaries,Dollars,units,64486.0,True,False,False,False,False,3
2017,2016A000248,Total non-profit institutions,High school diploma and less,Average annual wages and salaries,Dollars,units,32279.0,True,False,False,False,False,1
2017,2016A000248,Total non-profit institutions,Trade certificate,Average annual wages and salaries,Dollars,units,49503.0,True,False,False,False,False,2
2017,2016A000248,Total non-profit institutions,University degree and higher,Average annual wages and salaries,Dollars,units,61987.0,True,False,False,False,False,3
2017,2016A000248,Total non-profit institutions excluding governments,High school diploma and less,Average annual wages and salaries,Dollars,units,30127.0,True,False,False,False,False,1
2017,2016A000248,Total non-profit institutions excluding governments,Trade certificate,Average annual wages and salaries,Dollars,units,50474.0,True,False,False,False,False,2
2017,2016A000248,Total non-profit institutions excluding governments,University degree and higher,Average annual wages and salaries,Dollars,units,51307.0,True,False,False,False,False,3
2017,2016A000248,Non-profit institutions serving households (community organizations),High school diploma and less,Average annual wages and salaries,Dollars,units,27200.0,True,False,False,False,False,1
2017,2016A000248,Non-profit institutions serving households (community organizations),Trade certificate,Average annual wages and salaries,Dollars,units,44927.0,True,False,False,False,False,2
2017,2016A000248,Non-profit institutions serving households (community organizations),University degree and higher,Average annual wages and salaries,Dollars,units,48454.0,True,False,False,False,False,3
2017,2016A000248,Business non-profit institutions,High school diploma and less,Average annual wages and salaries,Dollars,units,37169.0,True,False,False,False,False,1
2017,2016A000248,Business non-profit institutions,Trade certificate,Average annual wages and salaries,Dollars,units,62854.0,True,False,False,False,False,2
2017,2016A000248,Business non-profit institutions,University degree and higher,Average annual wages and salaries,Dollars,units,62078.0,True,False,False,False,False,3
2017,2016A000248,Government non-profit institutions,High school diploma and less,Average annual wages and salaries,Dollars,units,33890.0,True,False,False,False,False,1
2017,2016A000248,Government non-profit institutions,Trade certificate,Average annual wages and salaries,Dollars,units,48987.0,True,False,False,False,False,2
2017,2016A000248,Government non-profit institutions,University degree and higher,Average annual wages and salaries,Dollars,units,65596.0,True,False,False,False,False,3
2018,2016A000248,Total non-profit institutions,High school diploma and less,Average annual wages and salaries,Dollars,units,32820.0,True,False,False,False,False,1
2018,2016A000248,Total non-profit institutions,Trade certificate,Average annual wages and salaries,Dollars,units,49428.0,True,False,False,False,False,2
2018,2016A000248,Total non-profit institutions,University degree and higher,Average annual wages and salaries,Dollars,units,62274.0,True,False,False,False,False,3
2018,2016A000248,Total non-profit institutions excluding governments,High school diploma and less,Average annual wages and salaries,Dollars,units,30722.0,True,False,False,False,False,1
2018,2016A000248,Total non-profit institutions excluding governments,Trade certificate,Average annual wages and salaries,Dollars,units,50109.0,True,False,False,False,False,2
2018,2016A000248,Total non-profit institutions excluding governments,University degree and higher,Average annual wages and salaries,Dollars,units,51005.0,True,False,False,False,False,3
2018,2016A000248,Non-profit institutions serving households (community organizations),High school diploma and less,Average annual wages and salaries,Dollars,units,28114.0,True,False,False,False,False,1
2018,2016A000248,Non-profit institutions serving households (community organizations),Trade certificate,Average annual wages and salaries,Dollars,units,44922.0,True,False,False,False,False,2
2018,2016A000248,Non-profit institutions serving households (community organizations),University degree and higher,Average annual wages and salaries,Dollars,units,48119.0,True,False,False,False,False,3
2018,2016A000248,Business non-profit institutions,High school diploma and less,Average annual wages and salaries,Dollars,units,36965.0,True,False,False,False,False,1
2018,2016A000248,Business non-profit institutions,Trade certificate,Average annual wages and salaries,Dollars,units,61849.0,True,False,False,False,False,2
2018,2016A000248,Business non-profit institutions,University degree and higher,Average annual wages and salaries,Dollars,units,61775.0,True,False,False,False,False,3
2018,2016A000248,Government non-profit institutions,High school diploma and less,Average annual wages and salaries,Dollars,units,34385.0,True,False,False,False,False,1
2018,2016A000248,Government non-profit institutions,Trade certificate,Average annual wages and salaries,Dollars,units,49057.0,True,False,False,False,False,2
2018,2016A000248,Government non-profit institutions,University degree and higher,Average annual wages and salaries,Dollars,units,66189.0,True,False,False,False,False,3
2013,2016A000259,Total non-profit institutions,High school diploma and less,Average annual wages and salaries,Dollars,units,27984.0,False,True,False,False,False,1
2013,2016A000259,Total non-profit institutions,Trade certificate,Average annual wages and salaries,Dollars,units,36641.0,False,True,False,False,False,2
2013,2016A000259,Total non-profit institutions,University degree and higher,Average annual wages and salaries,Dollars,units,53334.0,False,True,False,False,False,3
2013,2016A000259,Total non-profit institutions excluding governments,High school diploma and less,Average annual wages and salaries,Dollars,units,26804.0,False,True,False,False,False,1
2013,2016A000259,Total non-profit institutions excluding governments,Trade certificate,Average annual wages and salaries,Dollars,units,35120.0,False,True,False,False,False,2
2013,2016A000259,Total non-profit institutions excluding governments,University degree and higher,Average annual wages and salaries,Dollars,units,43107.0,False,True,False,False,False,3
2013,2016A000259,Non-profit institutions serving households (community organizations),High school diploma and less,Average annual wages and salaries,Dollars,units,24435.0,False,True,False,False,False,1
2013,2016A000259,Non-profit institutions serving households (community organizations),Trade certificate,Average annual wages and salaries,Dollars,units,30427.0,False,True,False,False,False,2
2013,2016A000259,Non-profit institutions serving households (community organizations),University degree and higher,Average annual wages and salaries,Dollars,units,41793.0,False,True,False,False,False,3
2013,2016A000259,Business non-profit institutions,High school diploma and less,Average annual wages and salaries,Dollars,units,31582.0,False,True,False,False,False,1
2013,2016A000259,Business non-profit institutions,Trade certificate,Average annual wages and salaries,Dollars,units,44327.0,False,True,False,False,False,2
2013,2016A000259,Business non-profit institutions,University degree and higher,Average annual wages and salaries,Dollars,units,48084.0,False,True,False,False,False,3
2013,2016A000259,Government non-profit institutions,High school diploma and less,Average annual wages and salaries,Dollars,units,29166.0,False,True,False,False,False,1
2013,2016A000259,Government non-profit institutions,Trade certificate,Average annual wages and salaries,Dollars,units,37565.0,False,True,False,False,False,2
2013,2016A000259,Government non-profit institutions,University degree and higher,Average annual wages and salaries,Dollars,units,57940.0,False,True,False,False,False,3
2014,2016A000259,Total non-profit institutions,High school diploma and less,Average annual wages and salaries,Dollars,units,28481.0,False,True,False,False,False,1
2014,2016A000259,Total non-profit institutions,Trade certificate,Average annual wages and salaries,Dollars,units,37695.0,False,True,False,False,False,2
2014,2016A000259,Total non-profit institutions,University degree and higher,Average annual wages and salaries,Dollars,units,54201.0,False,True,False,False,False,3
2014,2016A000259,Total non-profit institutions excluding governments,High school diploma and less,Average annual wages and salaries,Dollars,units,27199.0,False,True,False,False,False,1
2014,2016A000259,Total non-profit institutions excluding governments,Trade certificate,Average annual wages and salaries,Dollars,units,36193.0,False,True,False,False,False,2
2014,2016A000259,Total non-profit institutions excluding governments,University degree and higher,Average annual wages and salaries,Dollars,units,43764.0,False,True,False,False,False,3
2014,2016A000259,Non-profit institutions serving households (community organizations),High school diploma and less,Average annual wages and salaries,Dollars,units,24847.0,False,True,False,False,False,1
2014,2016A000259,Non-profit institutions serving households (community organizations),Trade certificate,Average annual wages and salaries,Dollars,units,31275.0,False,True,False,False,False,2
2014,2016A000259,Non-profit institutions serving households (community organizations),University degree and higher,Average annual wages and salaries,Dollars,units,42458.0,False,True,False,False,False,3
2014,2016A000259,Business non-profit institutions,High school diploma and less,Average annual wages and salaries,Dollars,units,31921.0,False,True,False,False,False,1
2014,2016A000259,Business non-profit institutions,Trade certificate,Average annual wages and salaries,Dollars,units,45669.0,False,True,False,False,False,2
2014,2016A000259,Business non-profit institutions,University degree and higher,Average annual wages and salaries,Dollars,units,48567.0,False,True,False,False,False,3
2014,2016A000259,Government non-profit institutions,High school diploma and less,Average annual wages and salaries,Dollars,units,29750.0,False,True,False,False,False,1
2014,2016A000259,Government non-profit institutions,Trade certificate,Average annual wages and salaries,Dollars,units,38658.0,False,True,False,False,False,2
2014,2016A000259,Government non-profit institutions,University degree and higher,Average annual wages and salaries,Dollars,units,58899.0,False,True,False,False,False,3
2015,2016A000259,Total non-profit institutions,High school diploma and less,Average annual wages and salaries,Dollars,units,29086.0,False,True,False,False,False,1
2015,2016A000259,Total non-profit institutions,Trade certificate,Average annual wages and salaries,Dollars,units,38811.0,False,True,False,False,False,2
2015,2016A000259,Total non-profit institutions,University degree and higher,Average annual wages and salaries,Dollars,units,54690.0,False,True,False,False,False,3
2015,2016A000259,Total non-profit institutions excluding governments,High school diploma and less,Average annual wages and salaries,Dollars,units,27882.0,False,True,False,False,False,1
2015,2016A000259,Total non-profit institutions excluding governments,Trade certificate,Average annual wages and salaries,Dollars,units,37613.0,False,True,False,False,False,2
2015,2016A000259,Total non-profit institutions excluding governments,University degree and higher,Average annual wages and salaries,Dollars,units,44537.0,False,True,False,False,False,3
2015,2016A000259,Non-profit institutions serving households (community organizations),High school diploma and less,Average annual wages and salaries,Dollars,units,25120.0,False,True,False,False,False,1
2015,2016A000259,Non-profit institutions serving households (community organizations),Trade certificate,Average annual wages and salaries,Dollars,units,31897.0,False,True,False,False,False,2
2015,2016A000259,Non-profit institutions serving households (community organizations),University degree and higher,Average annual wages and salaries,Dollars,units,42885.0,False,True,False,False,False,3
2015,2016A000259,Business non-profit institutions,High school diploma and less,Average annual wages and salaries,Dollars,units,33029.0,False,True,False,False,False,1
2015,2016A000259,Business non-profit institutions,Trade certificate,Average annual wages and salaries,Dollars,units,47507.0,False,True,False,False,False,2
2015,2016A000259,Business non-profit institutions,University degree and higher,Average annual wages and salaries,Dollars,units,50300.0,False,True,False,False,False,3
2015,2016A000259,Government non-profit institutions,High school diploma and less,Average annual wages and salaries,Dollars,units,30360.0,False,True,False,False,False,1
2015,2016A000259,Government non-profit institutions,Trade certificate,Average annual wages and salaries,Dollars,units,39649.0,False,True,False,False,False,2
2015,2016A000259,Government non-profit institutions,University degree and higher,Average annual wages and salaries,Dollars,units,59451.0,False,True,False,False,False,3
2016,2016A000259,Total non-profit institutions,High school diploma and less,Average annual wages and salaries,Dollars,units,28841.0,False,True,False,False,False,1
2016,2016A000259,Total non-profit institutions,Trade certificate,Average annual wages and salaries,Dollars,units,39067.0,False,True,False,False,False,2
2016,2016A000259,Total non-profit institutions,University degree and higher,Average annual wages and salaries,Dollars,units,55284.0,False,True,False,False,False,3
2016,2016A000259,Total non-profit institutions excluding governments,High school diploma and less,Average annual wages and salaries,Dollars,units,27726.0,False,True,False,False,False,1
2016,2016A000259,Total non-profit institutions excluding governments,Trade certificate,Average annual wages and salaries,Dollars,units,37403.0,False,True,False,False,False,2
2016,2016A000259,Total non-profit institutions excluding governments,University degree and higher,Average annual wages and salaries,Dollars,units,45475.0,False,True,False,False,False,3
2016,2016A000259,Non-profit institutions serving households (community organizations),High school diploma and less,Average annual wages and salaries,Dollars,units,24884.0,False,True,False,False,False,1
2016,2016A000259,Non-profit institutions serving households (community organizations),Trade certificate,Average annual wages and salaries,Dollars,units,31811.0,False,True,False,False,False,2
2016,2016A000259,Non-profit institutions serving households (community organizations),University degree and higher,Average annual wages and salaries,Dollars,units,43922.0,False,True,False,False,False,3
2016,2016A000259,Business non-profit institutions,High school diploma and less,Average annual wages and salaries,Dollars,units,33450.0,False,True,False,False,False,1
2016,2016A000259,Business non-profit institutions,Trade certificate,Average annual wages and salaries,Dollars,units,47627.0,False,True,False,False,False,2
2016,2016A000259,Business non-profit institutions,University degree and higher,Average annual wages and salaries,Dollars,units,50629.0,False,True,False,False,False,3
2016,2016A000259,Government non-profit institutions,High school diploma and less,Average annual wages and salaries,Dollars,units,30024.0,False,True,False,False,False,1
2016,2016A000259,Government non-profit institutions,Trade certificate,Average annual wages and salaries,Dollars,units,40270.0,False,True,False,False,False,2
2016,2016A000259,Government non-profit institutions,University degree and higher,Average annual wages and salaries,Dollars,units,59945.0,False,True,False,False,False,3
2017,2016A000259,Total non-profit institutions,High school diploma and less,Average annual wages and salaries,Dollars,units,29733.0,False,True,False,False,False,1
2017,2016A000259,Total non-profit institutions,Trade certificate,Average annual wages and salaries,Dollars,units,40225.0,False,True,False,False,False,2
2017,2016A000259,Total non-profit institutions,University degree and higher,Average annual wages and salaries,Dollars,units,56385.0,False,True,False,False,False,3
2017,2016A000259,Total non-profit institutions excluding governments,High school diploma and less,Average annual wages and salaries,Dollars,units,28819.0,False,True,False,False,False,1
2017,2016A000259,Total non-profit institutions excluding governments,Trade certificate,Average annual wages and salaries,Dollars,units,38954.0,False,True,False,False,False,2
2017,2016A000259,Total non-profit institutions excluding governments,University degree and higher,Average annual wages and salaries,Dollars,units,46509.0,False,True,False,False,False,3
2017,2016A000259,Non-profit institutions serving households (community organizations),High school diploma and less,Average annual wages and salaries,Dollars,units,25576.0,False,True,False,False,False,1
2017,2016A000259,Non-profit institutions serving households (community organizations),Trade certificate,Average annual wages and salaries,Dollars,units,32608.0,False,True,False,False,False,2
2017,2016A000259,Non-profit institutions serving households (community organizations),University degree and higher,Average annual wages and salaries,Dollars,units,44896.0,False,True,False,False,False,3
2017,2016A000259,Business non-profit institutions,High school diploma and less,Average annual wages and salaries,Dollars,units,35509.0,False,True,False,False,False,1
2017,2016A000259,Business non-profit institutions,Trade certificate,Average annual wages and salaries,Dollars,units,50582.0,False,True,False,False,False,2
2017,2016A000259,Business non-profit institutions,University degree and higher,Average annual wages and salaries,Dollars,units,51944.0,False,True,False,False,False,3
2017,2016A000259,Government non-profit institutions,High school diploma and less,Average annual wages and salaries,Dollars,units,30706.0,False,True,False,False,False,1
2017,2016A000259,Government non-profit institutions,Trade certificate,Average annual wages and salaries,Dollars,units,41159.0,False,True,False,False,False,2
2017,2016A000259,Government non-profit institutions,University degree and higher,Average annual wages and salaries,Dollars,units,61206.0,False,True,False,False,False,3
2018,2016A000259,Total non-profit institutions,High school diploma and less,Average annual wages and salaries,Dollars,units,30511.0,False,True,False,False,False,1
2018,2016A000259,Total non-profit institutions,Trade certificate,Average annual wages and salaries,Dollars,units,41355.0,False,True,False,False,False,2
2018,2016A000259,Total non-profit institutions,University degree and higher,Average annual wages and salaries,Dollars,units,57450.0,False,True,False,False,False,3
2018,2016A000259,Total non-profit institutions excluding governments,High school diploma and less,Average annual wages and salaries,Dollars,units,29861.0,False,True,False,False,False,1
2018,2016A000259,Total non-profit institutions excluding governments,Trade certificate,Average annual wages and salaries,Dollars,units,40298.0,False,True,False,False,False,2
2018,2016A000259,Total non-profit institutions excluding governments,University degree and higher,Average annual wages and salaries,Dollars,units,48021.0,False,True,False,False,False,3
2018,2016A000259,Non-profit institutions serving households (community organizations),High school diploma and less,Average annual wages and salaries,Dollars,units,26677.0,False,True,False,False,False,1
2018,2016A000259,Non-profit institutions serving households (community organizations),Trade certificate,Average annual wages and salaries,Dollars,units,34081.0,False,True,False,False,False,2
2018,2016A000259,Non-profit institutions serving households (community organizations),University degree and higher,Average annual wages and salaries,Dollars,units,46158.0,False,True,False,False,False,3
2018,2016A000259,Business non-profit institutions,High school diploma and less,Average annual wages and salaries,Dollars,units,36466.0,False,True,False,False,False,1
2018,2016A000259,Business non-profit institutions,Trade certificate,Average annual wages and salaries,Dollars,units,51974.0,False,True,False,False,False,2
2018,2016A000259,Business non-profit institutions,University degree and higher,Average annual wages and salaries,Dollars,units,54208.0,False,True,False,False,False,3
2018,2016A000259,Government non-profit institutions,High school diploma and less,Average annual wages and salaries,Dollars,units,31181.0,False,True,False,False,False,1
2018,2016A000259,Government non-profit institutions,Trade certificate,Average annual wages and salaries,Dollars,units,42117.0,False,True,False,False,False,2
2018,2016A000259,Government non-profit institutions,University degree and higher,Average annual wages and salaries,Dollars,units,62004.0,False,True,False,False,False,3
2013,2016A000212,Total non-profit institutions,High school diploma and less,Average annual wages and salaries,Dollars,units,23246.0,False,False,True,False,False,1
2013,2016A000212,Total non-profit institutions,Trade certificate,Average annual wages and salaries,Dollars,units,34714.0,False,False,True,False,False,2
2013,2016A000212,Total non-profit institutions,University degree and higher,Average annual wages and salaries,Dollars,units,54348.0,False,False,True,False,False,3
2013,2016A000212,Total non-profit institutions excluding governments,High school diploma and less,Average annual wages and salaries,Dollars,units,19201.0,False,False,True,False,False,1
2013,2016A000212,Total non-profit institutions excluding governments,Trade certificate,Average annual wages and salaries,Dollars,units,30808.0,False,False,True,False,False,2
2013,2016A000212,Total non-profit institutions excluding governments,University degree and higher,Average annual wages and salaries,Dollars,units,39582.0,False,False,True,False,False,3
2013,2016A000212,Non-profit institutions serving households (community organizations),High school diploma and less,Average annual wages and salaries,Dollars,units,17525.0,False,False,True,False,False,1
2013,2016A000212,Non-profit institutions serving households (community organizations),Trade certificate,Average annual wages and salaries,Dollars,units,28428.0,False,False,True,False,False,2
2013,2016A000212,Non-profit institutions serving households (community organizations),University degree and higher,Average annual wages and salaries,Dollars,units,38370.0,False,False,True,False,False,3
2013,2016A000212,Business non-profit institutions,High school diploma and less,Average annual wages and salaries,Dollars,units,24246.0,False,False,True,False,False,1
2013,2016A000212,Business non-profit institutions,Trade certificate,Average annual wages and salaries,Dollars,units,39061.0,False,False,True,False,False,2
2013,2016A000212,Business non-profit institutions,University degree and higher,Average annual wages and salaries,Dollars,units,45794.0,False,False,True,False,False,3
2013,2016A000212,Government non-profit institutions,High school diploma and less,Average annual wages and salaries,Dollars,units,25496.0,False,False,True,False,False,1
2013,2016A000212,Government non-profit institutions,Trade certificate,Average annual wages and salaries,Dollars,units,36118.0,False,False,True,False,False,2
2013,2016A000212,Government non-profit institutions,University degree and higher,Average annual wages and salaries,Dollars,units,59219.0,False,False,True,False,False,3
2014,2016A000212,Total non-profit institutions,High school diploma and less,Average annual wages and salaries,Dollars,units,23748.0,False,False,True,False,False,1
2014,2016A000212,Total non-profit institutions,Trade certificate,Average annual wages and salaries,Dollars,units,34779.0,False,False,True,False,False,2
2014,2016A000212,Total non-profit institutions,University degree and higher,Average annual wages and salaries,Dollars,units,54831.0,False,False,True,False,False,3
2014,2016A000212,Total non-profit institutions excluding governments,High school diploma and less,Average annual wages and salaries,Dollars,units,19979.0,False,False,True,False,False,1
2014,2016A000212,Total non-profit institutions excluding governments,Trade certificate,Average annual wages and salaries,Dollars,units,31527.0,False,False,True,False,False,2
2014,2016A000212,Total non-profit institutions excluding governments,University degree and higher,Average annual wages and salaries,Dollars,units,40678.0,False,False,True,False,False,3
2014,2016A000212,Non-profit institutions serving households (community organizations),High school diploma and less,Average annual wages and salaries,Dollars,units,18398.0,False,False,True,False,False,1
2014,2016A000212,Non-profit institutions serving households (community organizations),Trade certificate,Average annual wages and salaries,Dollars,units,29115.0,False,False,True,False,False,2
2014,2016A000212,Non-profit institutions serving households (community organizations),University degree and higher,Average annual wages and salaries,Dollars,units,39423.0,False,False,True,False,False,3
2014,2016A000212,Business non-profit institutions,High school diploma and less,Average annual wages and salaries,Dollars,units,24943.0,False,False,True,False,False,1
2014,2016A000212,Business non-profit institutions,Trade certificate,Average annual wages and salaries,Dollars,units,40410.0,False,False,True,False,False,2
2014,2016A000212,Business non-profit institutions,University degree and higher,Average annual wages and salaries,Dollars,units,47411.0,False,False,True,False,False,3
2014,2016A000212,Government non-profit institutions,High school diploma and less,Average annual wages and salaries,Dollars,units,25765.0,False,False,True,False,False,1
2014,2016A000212,Government non-profit institutions,Trade certificate,Average annual wages and salaries,Dollars,units,35911.0,False,False,True,False,False,2
2014,2016A000212,Government non-profit institutions,University degree and higher,Average annual wages and salaries,Dollars,units,59406.0,False,False,True,False,False,3
2015,2016A000212,Total non-profit institutions,High school diploma and less,Average annual wages and salaries,Dollars,units,24103.0,False,False,True,False,False,1
2015,2016A000212,Total non-profit institutions,Trade certificate,Average annual wages and salaries,Dollars,units,35210.0,False,False,True,False,False,2
2015,2016A000212,Total non-profit institutions,University degree and higher,Average annual wages and salaries,Dollars,units,55056.0,False,False,True,False,False,3
2015,2016A000212,Total non-profit institutions excluding governments,High school diploma and less,Average annual wages and salaries,Dollars,units,20841.0,False,False,True,False,False,1
2015,2016A000212,Total non-profit institutions excluding governments,Trade certificate,Average annual wages and salaries,Dollars,units,31661.0,False,False,True,False,False,2
2015,2016A000212,Total non-profit institutions excluding governments,University degree and higher,Average annual wages and salaries,Dollars,units,41766.0,False,False,True,False,False,3
2015,2016A000212,Non-profit institutions serving households (community organizations),High school diploma and less,Average annual wages and salaries,Dollars,units,18944.0,False,False,True,False,False,1
2015,2016A000212,Non-profit institutions serving households (community organizations),Trade certificate,Average annual wages and salaries,Dollars,units,28776.0,False,False,True,False,False,2
2015,2016A000212,Non-profit institutions serving households (community organizations),University degree and higher,Average annual wages and salaries,Dollars,units,40282.0,False,False,True,False,False,3
2015,2016A000212,Business non-profit institutions,High school diploma and less,Average annual wages and salaries,Dollars,units,26211.0,False,False,True,False,False,1
2015,2016A000212,Business non-profit institutions,Trade certificate,Average annual wages and salaries,Dollars,units,41294.0,False,False,True,False,False,2
2015,2016A000212,Business non-profit institutions,University degree and higher,Average annual wages and salaries,Dollars,units,49028.0,False,False,True,False,False,3
2015,2016A000212,Government non-profit institutions,High school diploma and less,Average annual wages and salaries,Dollars,units,25870.0,False,False,True,False,False,1
2015,2016A000212,Government non-profit institutions,Trade certificate,Average annual wages and salaries,Dollars,units,36479.0,False,False,True,False,False,2
2015,2016A000212,Government non-profit institutions,University degree and higher,Average annual wages and salaries,Dollars,units,59253.0,False,False,True,False,False,3
2016,2016A000212,Total non-profit institutions,High school diploma and less,Average annual wages and salaries,Dollars,units,24187.0,False,False,True,False,False,1
2016,2016A000212,Total non-profit institutions,Trade certificate,Average annual wages and salaries,Dollars,units,35364.0,False,False,True,False,False,2
2016,2016A000212,Total non-profit institutions,University degree and higher,Average annual wages and salaries,Dollars,units,55282.0,False,False,True,False,False,3
2016,2016A000212,Total non-profit institutions excluding governments,High school diploma and less,Average annual wages and salaries,Dollars,units,20498.0,False,False,True,False,False,1
2016,2016A000212,Total non-profit institutions excluding governments,Trade certificate,Average annual wages and salaries,Dollars,units,31716.0,False,False,True,False,False,2
2016,2016A000212,Total non-profit institutions excluding governments,University degree and higher,Average annual wages and salaries,Dollars,units,41614.0,False,False,True,False,False,3
2016,2016A000212,Non-profit institutions serving households (community organizations),High school diploma and less,Average annual wages and salaries,Dollars,units,18690.0,False,False,True,False,False,1
2016,2016A000212,Non-profit institutions serving households (community organizations),Trade certificate,Average annual wages and salaries,Dollars,units,29080.0,False,False,True,False,False,2
2016,2016A000212,Non-profit institutions serving households (community organizations),University degree and higher,Average annual wages and salaries,Dollars,units,40033.0,False,False,True,False,False,3
2016,2016A000212,Business non-profit institutions,High school diploma and less,Average annual wages and salaries,Dollars,units,25552.0,False,False,True,False,False,1
2016,2016A000212,Business non-profit institutions,Trade certificate,Average annual wages and salaries,Dollars,units,40333.0,False,False,True,False,False,2
2016,2016A000212,Business non-profit institutions,University degree and higher,Average annual wages and salaries,Dollars,units,48506.0,False,False,True,False,False,3
2016,2016A000212,Government non-profit institutions,High school diploma and less,Average annual wages and salaries,Dollars,units,26364.0,False,False,True,False,False,1
2016,2016A000212,Government non-profit institutions,Trade certificate,Average annual wages and salaries,Dollars,units,36739.0,False,False,True,False,False,2
2016,2016A000212,Government non-profit institutions,University degree and higher,Average annual wages and salaries,Dollars,units,59671.0,False,False,True,False,False,3
2017,2016A000212,Total non-profit institutions,High school diploma and less,Average annual wages and salaries,Dollars,units,24432.0,False,False,True,False,False,1
2017,2016A000212,Total non-profit institutions,Trade certificate,Average annual wages and salaries,Dollars,units,35462.0,False,False,True,False,False,2
2017,2016A000212,Total non-profit institutions,University degree and higher,Average annual wages and salaries,Dollars,units,55175.0,False,False,True,False,False,3
2017,2016A000212,Total non-profit institutions excluding governments,High school diploma and less,Average annual wages and salaries,Dollars,units,21333.0,False,False,True,False,False,1
2017,2016A000212,Total non-profit institutions excluding governments,Trade certificate,Average annual wages and salaries,Dollars,units,32066.0,False,False,True,False,False,2
2017,2016A000212,Total non-profit institutions excluding governments,University degree and higher,Average annual wages and salaries,Dollars,units,42426.0,False,False,True,False,False,3
2017,2016A000212,Non-profit institutions serving households (community organizations),High school diploma and less,Average annual wages and salaries,Dollars,units,19188.0,False,False,True,False,False,1
2017,2016A000212,Non-profit institutions serving households (community organizations),Trade certificate,Average annual wages and salaries,Dollars,units,28984.0,False,False,True,False,False,2
2017,2016A000212,Non-profit institutions serving households (community organizations),University degree and higher,Average annual wages and salaries,Dollars,units,40659.0,False,False,True,False,False,3
2017,2016A000212,Business non-profit institutions,High school diploma and less,Average annual wages and salaries,Dollars,units,27673.0,False,False,True,False,False,1
2017,2016A000212,Business non-profit institutions,Trade certificate,Average annual wages and salaries,Dollars,units,42670.0,False,False,True,False,False,2
2017,2016A000212,Business non-profit institutions,University degree and higher,Average annual wages and salaries,Dollars,units,50495.0,False,False,True,False,False,3
2017,2016A000212,Government non-profit institutions,High school diploma and less,Average annual wages and salaries,Dollars,units,26105.0,False,False,True,False,False,1
2017,2016A000212,Government non-profit institutions,Trade certificate,Average annual wages and salaries,Dollars,units,36727.0,False,False,True,False,False,2
2017,2016A000212,Government non-profit institutions,University degree and higher,Average annual wages and salaries,Dollars,units,59237.0,False,False,True,False,False,3
2018,2016A000212,Total non-profit institutions,High school diploma and less,Average annual wages and salaries,Dollars,units,25659.0,False,False,True,False,False,1
2018,2016A000212,Total non-profit institutions,Trade certificate,Average annual wages and salaries,Dollars,units,37116.0,False,False,True,False,False,2
2018,2016A000212,Total non-profit institutions,University degree and higher,Average annual wages and salaries,Dollars,units,58053.0,False,False,True,False,False,3
2018,2016A000212,Total non-profit institutions excluding governments,High school diploma and less,Average annual wages and salaries,Dollars,units,21798.0,False,False,True,False,False,1
2018,2016A000212,Total non-profit institutions excluding governments,Trade certificate,Average annual wages and salaries,Dollars,units,32397.0,False,False,True,False,False,2
2018,2016A000212,Total non-profit institutions excluding governments,University degree and higher,Average annual wages and salaries,Dollars,units,43569.0,False,False,True,False,False,3
2018,2016A000212,Non-profit institutions serving households (community organizations),High school diploma and less,Average annual wages and salaries,Dollars,units,19679.0,False,False,True,False,False,1
2018,2016A000212,Non-profit institutions serving households (community organizations),Trade certificate,Average annual wages and salaries,Dollars,units,29569.0,False,False,True,False,False,2
2018,2016A000212,Non-profit institutions serving households (community organizations),University degree and higher,Average annual wages and salaries,Dollars,units,41664.0,False,False,True,False,False,3
2018,2016A000212,Business non-profit institutions,High school diploma and less,Average annual wages and salaries,Dollars,units,27976.0,False,False,True,False,False,1
2018,2016A000212,Business non-profit institutions,Trade certificate,Average annual wages and salaries,Dollars,units,42500.0,False,False,True,False,False,2
2018,2016A000212,Business non-profit institutions,University degree and higher,Average annual wages and salaries,Dollars,units,52277.0,False,False,True,False,False,3
2018,2016A000212,Government non-profit institutions,High school diploma and less,Average annual wages and salaries,Dollars,units,27755.0,False,False,True,False,False,1
2018,2016A000212,Government non-profit institutions,Trade certificate,Average annual wages and salaries,Dollars,units,38869.0,False,False,True,False,False,2
2018,2016A000212,Government non-profit institutions,University degree and higher,Average annual wages and salaries,Dollars,units,62596.0,False,False,True,False,False,3
2013,2016A000235,Total non-profit institutions,High school diploma and less,Average annual wages and salaries,Dollars,units,27288.0,False,False,False,True,False,1
2013,2016A000235,Total non-profit institutions,Trade certificate,Average annual wages and salaries,Dollars,units,37556.0,False,False,False,True,False,2
2013,2016A000235,Total non-profit institutions,University degree and higher,Average annual wages and salaries,Dollars,units,57852.0,False,False,False,True,False,3
2013,2016A000235,Total non-profit institutions excluding governments,High school diploma and less,Average annual wages and salaries,Dollars,units,25185.0,False,False,False,True,False,1
2013,2016A000235,Total non-profit institutions excluding governments,Trade certificate,Average annual wages and salaries,Dollars,units,36743.0,False,False,False,True,False,2
2013,2016A000235,Total non-profit institutions excluding governments,University degree and higher,Average annual wages and salaries,Dollars,units,49336.0,False,False,False,True,False,3
2013,2016A000235,Non-profit institutions serving households (community organizations),High school diploma and less,Average annual wages and salaries,Dollars,units,23135.0,False,False,False,True,False,1
2013,2016A000235,Non-profit institutions serving households (community organizations),Trade certificate,Average annual wages and salaries,Dollars,units,33567.0,False,False,False,True,False,2
2013,2016A000235,Non-profit institutions serving households (community organizations),University degree and higher,Average annual wages and salaries,Dollars,units,46625.0,False,False,False,True,False,3
2013,2016A000235,Business non-profit institutions,High school diploma and less,Average annual wages and salaries,Dollars,units,29484.0,False,False,False,True,False,1
2013,2016A000235,Business non-profit institutions,Trade certificate,Average annual wages and salaries,Dollars,units,44644.0,False,False,False,True,False,2
2013,2016A000235,Business non-profit institutions,University degree and higher,Average annual wages and salaries,Dollars,units,58859.0,False,False,False,True,False,3
2013,2016A000235,Government non-profit institutions,High school diploma and less,Average annual wages and salaries,Dollars,units,29329.0,False,False,False,True,False,1
2013,2016A000235,Government non-profit institutions,Trade certificate,Average annual wages and salaries,Dollars,units,38142.0,False,False,False,True,False,2
2013,2016A000235,Government non-profit institutions,University degree and higher,Average annual wages and salaries,Dollars,units,62469.0,False,False,False,True,False,3
2014,2016A000235,Total non-profit institutions,High school diploma and less,Average annual wages and salaries,Dollars,units,28234.0,False,False,False,True,False,1
2014,2016A000235,Total non-profit institutions,Trade certificate,Average annual wages and salaries,Dollars,units,38803.0,False,False,False,True,False,2
2014,2016A000235,Total non-profit institutions,University degree and higher,Average annual wages and salaries,Dollars,units,59089.0,False,False,False,True,False,3
2014,2016A000235,Total non-profit institutions excluding governments,High school diploma and less,Average annual wages and salaries,Dollars,units,26015.0,False,False,False,True,False,1
2014,2016A000235,Total non-profit institutions excluding governments,Trade certificate,Average annual wages and salaries,Dollars,units,38319.0,False,False,False,True,False,2
2014,2016A000235,Total non-profit institutions excluding governments,University degree and higher,Average annual wages and salaries,Dollars,units,50254.0,False,False,False,True,False,3
2014,2016A000235,Non-profit institutions serving households (community organizations),High school diploma and less,Average annual wages and salaries,Dollars,units,23824.0,False,False,False,True,False,1
2014,2016A000235,Non-profit institutions serving households (community organizations),Trade certificate,Average annual wages and salaries,Dollars,units,34721.0,False,False,False,True,False,2
2014,2016A000235,Non-profit institutions serving households (community organizations),University degree and higher,Average annual wages and salaries,Dollars,units,47274.0,False,False,False,True,False,3
2014,2016A000235,Business non-profit institutions,High school diploma and less,Average annual wages and salaries,Dollars,units,30625.0,False,False,False,True,False,1
2014,2016A000235,Business non-profit institutions,Trade certificate,Average annual wages and salaries,Dollars,units,47310.0,False,False,False,True,False,2
2014,2016A000235,Business non-profit institutions,University degree and higher,Average annual wages and salaries,Dollars,units,60596.0,False,False,False,True,False,3
2014,2016A000235,Government non-profit institutions,High school diploma and less,Average annual wages and salaries,Dollars,units,30395.0,False,False,False,True,False,1
2014,2016A000235,Government non-profit institutions,Trade certificate,Average annual wages and salaries,Dollars,units,39160.0,False,False,False,True,False,2
2014,2016A000235,Government non-profit institutions,University degree and higher,Average annual wages and salaries,Dollars,units,63873.0,False,False,False,True,False,3
2015,2016A000235,Total non-profit institutions,High school diploma and less,Average annual wages and salaries,Dollars,units,29331.0,False,False,False,True,False,1
2015,2016A000235,Total non-profit institutions,Trade certificate,Average annual wages and salaries,Dollars,units,40356.0,False,False,False,True,False,2
2015,2016A000235,Total non-profit institutions,University degree and higher,Average annual wages and salaries,Dollars,units,60590.0,False,False,False,True,False,3
2015,2016A000235,Total non-profit institutions excluding governments,High school diploma and less,Average annual wages and salaries,Dollars,units,26848.0,False,False,False,True,False,1
2015,2016A000235,Total non-profit institutions excluding governments,Trade certificate,Average annual wages and salaries,Dollars,units,40140.0,False,False,False,True,False,2
2015,2016A000235,Total non-profit institutions excluding governments,University degree and higher,Average annual wages and salaries,Dollars,units,51270.0,False,False,False,True,False,3
2015,2016A000235,Non-profit institutions serving households (community organizations),High school diploma and less,Average annual wages and salaries,Dollars,units,24234.0,False,False,False,True,False,1
2015,2016A000235,Non-profit institutions serving households (community organizations),Trade certificate,Average annual wages and salaries,Dollars,units,35952.0,False,False,False,True,False,2
2015,2016A000235,Non-profit institutions serving households (community organizations),University degree and higher,Average annual wages and salaries,Dollars,units,47827.0,False,False,False,True,False,3
2015,2016A000235,Business non-profit institutions,High school diploma and less,Average annual wages and salaries,Dollars,units,32239.0,False,False,False,True,False,1
2015,2016A000235,Business non-profit institutions,Trade certificate,Average annual wages and salaries,Dollars,units,50169.0,False,False,False,True,False,2
2015,2016A000235,Business non-profit institutions,University degree and higher,Average annual wages and salaries,Dollars,units,62802.0,False,False,False,True,False,3
2015,2016A000235,Government non-profit institutions,High school diploma and less,Average annual wages and salaries,Dollars,units,31789.0,False,False,False,True,False,1
2015,2016A000235,Government non-profit institutions,Trade certificate,Average annual wages and salaries,Dollars,units,40522.0,False,False,False,True,False,2
2015,2016A000235,Government non-profit institutions,University degree and higher,Average annual wages and salaries,Dollars,units,65771.0,False,False,False,True,False,3
2016,2016A000235,Total non-profit institutions,High school diploma and less,Average annual wages and salaries,Dollars,units,28890.0,False,False,False,True,False,1
2016,2016A000235,Total non-profit institutions,Trade certificate,Average annual wages and salaries,Dollars,units,39796.0,False,False,False,True,False,2
2016,2016A000235,Total non-profit institutions,University degree and higher,Average annual wages and salaries,Dollars,units,60874.0,False,False,False,True,False,3
2016,2016A000235,Total non-profit institutions excluding governments,High school diploma and less,Average annual wages and salaries,Dollars,units,26420.0,False,False,False,True,False,1
2016,2016A000235,Total non-profit institutions excluding governments,Trade certificate,Average annual wages and salaries,Dollars,units,39335.0,False,False,False,True,False,2
2016,2016A000235,Total non-profit institutions excluding governments,University degree and higher,Average annual wages and salaries,Dollars,units,52123.0,False,False,False,True,False,3
2016,2016A000235,Non-profit institutions serving households (community organizations),High school diploma and less,Average annual wages and salaries,Dollars,units,23791.0,False,False,False,True,False,1
2016,2016A000235,Non-profit institutions serving households (community organizations),Trade certificate,Average annual wages and salaries,Dollars,units,35283.0,False,False,False,True,False,2
2016,2016A000235,Non-profit institutions serving households (community organizations),University degree and higher,Average annual wages and salaries,Dollars,units,48523.0,False,False,False,True,False,3
2016,2016A000235,Business non-profit institutions,High school diploma and less,Average annual wages and salaries,Dollars,units,32224.0,False,False,False,True,False,1
2016,2016A000235,Business non-profit institutions,Trade certificate,Average annual wages and salaries,Dollars,units,49680.0,False,False,False,True,False,2
2016,2016A000235,Business non-profit institutions,University degree and higher,Average annual wages and salaries,Dollars,units,63920.0,False,False,False,True,False,3
2016,2016A000235,Government non-profit institutions,High school diploma and less,Average annual wages and salaries,Dollars,units,31387.0,False,False,False,True,False,1
2016,2016A000235,Government non-profit institutions,Trade certificate,Average annual wages and salaries,Dollars,units,40155.0,False,False,False,True,False,2
2016,2016A000235,Government non-profit institutions,University degree and higher,Average annual wages and salaries,Dollars,units,65752.0,False,False,False,True,False,3
2017,2016A000235,Total non-profit institutions,High school diploma and less,Average annual wages and salaries,Dollars,units,29195.0,False,False,False,True,False,1
2017,2016A000235,Total non-profit institutions,Trade certificate,Average annual wages and salaries,Dollars,units,39918.0,False,False,False,True,False,2
2017,2016A000235,Total non-profit institutions,University degree and higher,Average annual wages and salaries,Dollars,units,61188.0,False,False,False,True,False,3
2017,2016A000235,Total non-profit institutions excluding governments,High school diploma and less,Average annual wages and salaries,Dollars,units,27275.0,False,False,False,True,False,1
2017,2016A000235,Total non-profit institutions excluding governments,Trade certificate,Average annual wages and salaries,Dollars,units,39727.0,False,False,False,True,False,2
2017,2016A000235,Total non-profit institutions excluding governments,University degree and higher,Average annual wages and salaries,Dollars,units,53074.0,False,False,False,True,False,3
2017,2016A000235,Non-profit institutions serving households (community organizations),High school diploma and less,Average annual wages and salaries,Dollars,units,24432.0,False,False,False,True,False,1
2017,2016A000235,Non-profit institutions serving households (community organizations),Trade certificate,Average annual wages and salaries,Dollars,units,35682.0,False,False,False,True,False,2
2017,2016A000235,Non-profit institutions serving households (community organizations),University degree and higher,Average annual wages and salaries,Dollars,units,49491.0,False,False,False,True,False,3
2017,2016A000235,Business non-profit institutions,High school diploma and less,Average annual wages and salaries,Dollars,units,33881.0,False,False,False,True,False,1
2017,2016A000235,Business non-profit institutions,Trade certificate,Average annual wages and salaries,Dollars,units,50201.0,False,False,False,True,False,2
2017,2016A000235,Business non-profit institutions,University degree and higher,Average annual wages and salaries,Dollars,units,64788.0,False,False,False,True,False,3
2017,2016A000235,Government non-profit institutions,High school diploma and less,Average annual wages and salaries,Dollars,units,31119.0,False,False,False,True,False,1
2017,2016A000235,Government non-profit institutions,Trade certificate,Average annual wages and salaries,Dollars,units,40072.0,False,False,False,True,False,2
2017,2016A000235,Government non-profit institutions,University degree and higher,Average annual wages and salaries,Dollars,units,65795.0,False,False,False,True,False,3
2018,2016A000235,Total non-profit institutions,High school diploma and less,Average annual wages and salaries,Dollars,units,29879.0,False,False,False,True,False,1
2018,2016A000235,Total non-profit institutions,Trade certificate,Average annual wages and salaries,Dollars,units,40879.0,False,False,False,True,False,2
2018,2016A000235,Total non-profit institutions,University degree and higher,Average annual wages and salaries,Dollars,units,63071.0,False,False,False,True,False,3
2018,2016A000235,Total non-profit institutions excluding governments,High school diploma and less,Average annual wages and salaries,Dollars,units,28240.0,False,False,False,True,False,1
2018,2016A000235,Total non-profit institutions excluding governments,Trade certificate,Average annual wages and salaries,Dollars,units,40445.0,False,False,False,True,False,2
2018,2016A000235,Total non-profit institutions excluding governments,University degree and higher,Average annual wages and salaries,Dollars,units,54962.0,False,False,False,True,False,3
2018,2016A000235,Non-profit institutions serving households (community organizations),High school diploma and less,Average annual wages and salaries,Dollars,units,25310.0,False,False,False,True,False,1
2018,2016A000235,Non-profit institutions serving households (community organizations),Trade certificate,Average annual wages and salaries,Dollars,units,36288.0,False,False,False,True,False,2
2018,2016A000235,Non-profit institutions serving households (community organizations),University degree and higher,Average annual wages and salaries,Dollars,units,50915.0,False,False,False,True,False,3
2018,2016A000235,Business non-profit institutions,High school diploma and less,Average annual wages and salaries,Dollars,units,35383.0,False,False,False,True,False,1
2018,2016A000235,Business non-profit institutions,Trade certificate,Average annual wages and salaries,Dollars,units,51731.0,False,False,False,True,False,2
2018,2016A000235,Business non-profit institutions,University degree and higher,Average annual wages and salaries,Dollars,units,68278.0,False,False,False,True,False,3
2018,2016A000235,Government non-profit institutions,High school diploma and less,Average annual wages and salaries,Dollars,units,31544.0,False,False,False,True,False,1
2018,2016A000235,Government non-profit institutions,Trade certificate,Average annual wages and salaries,Dollars,units,41230.0,False,False,False,True,False,2
2018,2016A000235,Government non-profit institutions,University degree and higher,Average annual wages and salaries,Dollars,units,67709.0,False,False,False,True,False,3
2013,2016A000224,Total non-profit institutions,High school diploma and less,Average annual wages and salaries,Dollars,units,24910.0,False,False,False,False,True,1
2013,2016A000224,Total non-profit institutions,Trade certificate,Average annual wages and salaries,Dollars,units,31974.0,False,False,False,False,True,2
2013,2016A000224,Total non-profit institutions,University degree and higher,Average annual wages and salaries,Dollars,units,53004.0,False,False,False,False,True,3
2013,2016A000224,Total non-profit institutions excluding governments,High school diploma and less,Average annual wages and salaries,Dollars,units,22386.0,False,False,False,False,True,1
2013,2016A000224,Total non-profit institutions excluding governments,Trade certificate,Average annual wages and salaries,Dollars,units,27770.0,False,False,False,False,True,2
2013,2016A000224,Total non-profit institutions excluding governments,University degree and higher,Average annual wages and salaries,Dollars,units,42810.0,False,False,False,False,True,3
2013,2016A000224,Non-profit institutions serving households (community organizations),High school diploma and less,Average annual wages and salaries,Dollars,units,21038.0,False,False,False,False,True,1
2013,2016A000224,Non-profit institutions serving households (community organizations),Trade certificate,Average annual wages and salaries,Dollars,units,25690.0,False,False,False,False,True,2
2013,2016A000224,Non-profit institutions serving households (community organizations),University degree and higher,Average annual wages and salaries,Dollars,units,41183.0,False,False,False,False,True,3
2013,2016A000224,Business non-profit institutions,High school diploma and less,Average annual wages and salaries,Dollars,units,25865.0,False,False,False,False,True,1
2013,2016A000224,Business non-profit institutions,Trade certificate,Average annual wages and salaries,Dollars,units,33817.0,False,False,False,False,True,2
2013,2016A000224,Business non-profit institutions,University degree and higher,Average annual wages and salaries,Dollars,units,48373.0,False,False,False,False,True,3
2013,2016A000224,Government non-profit institutions,High school diploma and less,Average annual wages and salaries,Dollars,units,26705.0,False,False,False,False,True,1
2013,2016A000224,Government non-profit institutions,Trade certificate,Average annual wages and salaries,Dollars,units,33341.0,False,False,False,False,True,2
2013,2016A000224,Government non-profit institutions,University degree and higher,Average annual wages and salaries,Dollars,units,57351.0,False,False,False,False,True,3
2014,2016A000224,Total non-profit institutions,High school diploma and less,Average annual wages and salaries,Dollars,units,25180.0,False,False,False,False,True,1
2014,2016A000224,Total non-profit institutions,Trade certificate,Average annual wages and salaries,Dollars,units,32810.0,False,False,False,False,True,2
2014,2016A000224,Total non-profit institutions,University degree and higher,Average annual wages and salaries,Dollars,units,54548.0,False,False,False,False,True,3
2014,2016A000224,Total non-profit institutions excluding governments,High school diploma and less,Average annual wages and salaries,Dollars,units,22801.0,False,False,False,False,True,1
2014,2016A000224,Total non-profit institutions excluding governments,Trade certificate,Average annual wages and salaries,Dollars,units,28689.0,False,False,False,False,True,2
2014,2016A000224,Total non-profit institutions excluding governments,University degree and higher,Average annual wages and salaries,Dollars,units,44299.0,False,False,False,False,True,3
2014,2016A000224,Non-profit institutions serving households (community organizations),High school diploma and less,Average annual wages and salaries,Dollars,units,21539.0,False,False,False,False,True,1
2014,2016A000224,Non-profit institutions serving households (community organizations),Trade certificate,Average annual wages and salaries,Dollars,units,26643.0,False,False,False,False,True,2
2014,2016A000224,Non-profit institutions serving households (community organizations),University degree and higher,Average annual wages and salaries,Dollars,units,42683.0,False,False,False,False,True,3
2014,2016A000224,Business non-profit institutions,High school diploma and less,Average annual wages and salaries,Dollars,units,26169.0,False,False,False,False,True,1
2014,2016A000224,Business non-profit institutions,Trade certificate,Average annual wages and salaries,Dollars,units,34929.0,False,False,False,False,True,2
2014,2016A000224,Business non-profit institutions,University degree and higher,Average annual wages and salaries,Dollars,units,50009.0,False,False,False,False,True,3
2014,2016A000224,Government non-profit institutions,High school diploma and less,Average annual wages and salaries,Dollars,units,26882.0,False,False,False,False,True,1
2014,2016A000224,Government non-profit institutions,Trade certificate,Average annual wages and salaries,Dollars,units,34104.0,False,False,False,False,True,2
2014,2016A000224,Government non-profit institutions,University degree and higher,Average annual wages and salaries,Dollars,units,58848.0,False,False,False,False,True,3
2015,2016A000224,Total non-profit institutions,High school diploma and less,Average annual wages and salaries,Dollars,units,25498.0,False,False,False,False,True,1
2015,2016A000224,Total non-profit institutions,Trade certificate,Average annual wages and salaries,Dollars,units,33554.0,False,False,False,False,True,2
2015,2016A000224,Total non-profit institutions,University degree and higher,Average annual wages and salaries,Dollars,units,55871.0,False,False,False,False,True,3
2015,2016A000224,Total non-profit institutions excluding governments,High school diploma and less,Average annual wages and salaries,Dollars,units,23080.0,False,False,False,False,True,1
2015,2016A000224,Total non-profit institutions excluding governments,Trade certificate,Average annual wages and salaries,Dollars,units,29043.0,False,False,False,False,True,2
2015,2016A000224,Total non-profit institutions excluding governments,University degree and higher,Average annual wages and salaries,Dollars,units,44667.0,False,False,False,False,True,3
2015,2016A000224,Non-profit institutions serving households (community organizations),High school diploma and less,Average annual wages and salaries,Dollars,units,21642.0,False,False,False,False,True,1
2015,2016A000224,Non-profit institutions serving households (community organizations),Trade certificate,Average annual wages and salaries,Dollars,units,26907.0,False,False,False,False,True,2
2015,2016A000224,Non-profit institutions serving households (community organizations),University degree and higher,Average annual wages and salaries,Dollars,units,43007.0,False,False,False,False,True,3
2015,2016A000224,Business non-profit institutions,High school diploma and less,Average annual wages and salaries,Dollars,units,26905.0,False,False,False,False,True,1
2015,2016A000224,Business non-profit institutions,Trade certificate,Average annual wages and salaries,Dollars,units,35291.0,False,False,False,False,True,2
2015,2016A000224,Business non-profit institutions,University degree and higher,Average annual wages and salaries,Dollars,units,50156.0,False,False,False,False,True,3
2015,2016A000224,Government non-profit institutions,High school diploma and less,Average annual wages and salaries,Dollars,units,27294.0,False,False,False,False,True,1
2015,2016A000224,Government non-profit institutions,Trade certificate,Average annual wages and salaries,Dollars,units,34975.0,False,False,False,False,True,2
2015,2016A000224,Government non-profit institutions,University degree and higher,Average annual wages and salaries,Dollars,units,60610.0,False,False,False,False,True,3
2016,2016A000224,Total non-profit institutions,High school diploma and less,Average annual wages and salaries,Dollars,units,25824.0,False,False,False,False,True,1
2016,2016A000224,Total non-profit institutions,Trade certificate,Average annual wages and salaries,Dollars,units,33971.0,False,False,False,False,True,2
2016,2016A000224,Total non-profit institutions,University degree and higher,Average annual wages and salaries,Dollars,units,56300.0,False,False,False,False,True,3
2016,2016A000224,Total non-profit institutions excluding governments,High school diploma and less,Average annual wages and salaries,Dollars,units,23430.0,False,False,False,False,True,1
2016,2016A000224,Total non-profit institutions excluding governments,Trade certificate,Average annual wages and salaries,Dollars,units,29152.0,False,False,False,False,True,2
2016,2016A000224,Total non-profit institutions excluding governments,University degree and higher,Average annual wages and salaries,Dollars,units,44692.0,False,False,False,False,True,3
2016,2016A000224,Non-profit institutions serving households (community organizations),High school diploma and less,Average annual wages and salaries,Dollars,units,21907.0,False,False,False,False,True,1
2016,2016A000224,Non-profit institutions serving households (community organizations),Trade certificate,Average annual wages and salaries,Dollars,units,26932.0,False,False,False,False,True,2
2016,2016A000224,Non-profit institutions serving households (community organizations),University degree and higher,Average annual wages and salaries,Dollars,units,42773.0,False,False,False,False,True,3
2016,2016A000224,Business non-profit institutions,High school diploma and less,Average annual wages and salaries,Dollars,units,27440.0,False,False,False,False,True,1
2016,2016A000224,Business non-profit institutions,Trade certificate,Average annual wages and salaries,Dollars,units,35787.0,False,False,False,False,True,2
2016,2016A000224,Business non-profit institutions,University degree and higher,Average annual wages and salaries,Dollars,units,50863.0,False,False,False,False,True,3
2016,2016A000224,Government non-profit institutions,High school diploma and less,Average annual wages and salaries,Dollars,units,27572.0,False,False,False,False,True,1
2016,2016A000224,Government non-profit institutions,Trade certificate,Average annual wages and salaries,Dollars,units,35484.0,False,False,False,False,True,2
2016,2016A000224,Government non-profit institutions,University degree and higher,Average annual wages and salaries,Dollars,units,61387.0,False,False,False,False,True,3
2017,2016A000224,Total non-profit institutions,High school diploma and less,Average annual wages and salaries,Dollars,units,26704.0,False,False,False,False,True,1
2017,2016A000224,Total non-profit institutions,Trade certificate,Average annual wages and salaries,Dollars,units,35139.0,False,False,False,False,True,2
2017,2016A000224,Total non-profit institutions,University degree and higher,Average annual wages and salaries,Dollars,units,57758.0,False,False,False,False,True,3
2017,2016A000224,Total non-profit institutions excluding governments,High school diploma and less,Average annual wages and salaries,Dollars,units,23909.0,False,False,False,False,True,1
2017,2016A000224,Total non-profit institutions excluding governments,Trade certificate,Average annual wages and salaries,Dollars,units,29796.0,False,False,False,False,True,2
2017,2016A000224,Total non-profit institutions excluding governments,University degree and higher,Average annual wages and salaries,Dollars,units,45587.0,False,False,False,False,True,3
2017,2016A000224,Non-profit institutions serving households (community organizations),High school diploma and less,Average annual wages and salaries,Dollars,units,22176.0,False,False,False,False,True,1
2017,2016A000224,Non-profit institutions serving households (community organizations),Trade certificate,Average annual wages and salaries,Dollars,units,27484.0,False,False,False,False,True,2
2017,2016A000224,Non-profit institutions serving households (community organizations),University degree and higher,Average annual wages and salaries,Dollars,units,43557.0,False,False,False,False,True,3
2017,2016A000224,Business non-profit institutions,High school diploma and less,Average annual wages and salaries,Dollars,units,28595.0,False,False,False,False,True,1
2017,2016A000224,Business non-profit institutions,Trade certificate,Average annual wages and salaries,Dollars,units,36631.0,False,False,False,False,True,2
2017,2016A000224,Business non-profit institutions,University degree and higher,Average annual wages and salaries,Dollars,units,51863.0,False,False,False,False,True,3
2017,2016A000224,Government non-profit institutions,High school diploma and less,Average annual wages and salaries,Dollars,units,28818.0,False,False,False,False,True,1
2017,2016A000224,Government non-profit institutions,Trade certificate,Average annual wages and salaries,Dollars,units,36850.0,False,False,False,False,True,2
2017,2016A000224,Government non-profit institutions,University degree and higher,Average annual wages and salaries,Dollars,units,63281.0,False,False,False,False,True,3
2018,2016A000224,Total non-profit institutions,High school diploma and less,Average annual wages and salaries,Dollars,units,27411.0,False,False,False,False,True,1
2018,2016A000224,Total non-profit institutions,Trade certificate,Average annual wages and salaries,Dollars,units,36309.0,False,False,False,False,True,2
2018,2016A000224,Total non-profit institutions,University degree and higher,Average annual wages and salaries,Dollars,units,59467.0,False,False,False,False,True,3
2018,2016A000224,Total non-profit institutions excluding governments,High school diploma and less,Average annual wages and salaries,Dollars,units,24596.0,False,False,False,False,True,1
2018,2016A000224,Total non-profit institutions excluding governments,Trade certificate,Average annual wages and salaries,Dollars,units,30707.0,False,False,False,False,True,2
2018,2016A000224,Total non-profit institutions excluding governments,University degree and higher,Average annual wages and salaries,Dollars,units,47315.0,False,False,False,False,True,3
2018,2016A000224,Non-profit institutions serving households (community organizations),High school diploma and less,Average annual wages and salaries,Dollars,units,22835.0,False,False,False,False,True,1
2018,2016A000224,Non-profit institutions serving households (community organizations),Trade certificate,Average annual wages and salaries,Dollars,units,28358.0,False,False,False,False,True,2
2018,2016A000224,Non-profit institutions serving households (community organizations),University degree and higher,Average annual wages and salaries,Dollars,units,44907.0,False,False,False,False,True,3
2018,2016A000224,Business non-profit institutions,High school diploma and less,Average annual wages and salaries,Dollars,units,29360.0,False,False,False,False,True,1
2018,2016A000224,Business non-profit institutions,Trade certificate,Average annual wages and salaries,Dollars,units,37791.0,False,False,False,False,True,2
2018,2016A000224,Business non-profit institutions,University degree and higher,Average annual wages and salaries,Dollars,units,54740.0,False,False,False,False,True,3
2018,2016A000224,Government non-profit institutions,High school diploma and less,Average annual wages and salaries,Dollars,units,29481.0,False,False,False,False,True,1
2018,2016A000224,Government non-profit institutions,Trade certificate,Average annual wages and salaries,Dollars,units,38067.0,False,False,False,False,True,2
2018,2016A000224,Government non-profit institutions,University degree and higher,Average annual wages and salaries,Dollars,units,64971.0,False,False,False,False,True,3
